P5819	'International Mathematical Olympiad participant ID'
P2545	'bowling style'
P6984	'Rupa Publications author ID'
P4657	'The Numbers person ID'
P1001	'applies to jurisdiction'
P9374	'ODLIS ID'
P2888	'exact match'
P7195	'Bandsintown artist ID'
P35	'head of state'
P1050	'medical condition'
P4968	'relevant qualification'
P8017	'generational suffix'
P650	'RKDartists ID'
P1157	'US Congress Bio ID'
P3747	'SSRN author ID'
P3482	'Europeana Fashion creator ID'
P1053	'ResearcherID'
P7839	'Saregama artist ID'
P2267	'PolitiFact people and groups ID'
P3670	'Tennis Archives player ID'
P5505	'WorldCat Registry ID'
P3547	'AFL Tables player ID'
P3984	'subreddit'
P3620	'BWFbadminton.com player ID'
P2872	'visitor centre'
P69	'educated at'
P4081	'BHL creator ID'
P2019	'AllMovie person ID'
P2373	'Genius artist ID'
P990	'audio recording of the subject\'s spoken voice'
P2485	'FMD photographer ID'
P4622	'trophy awarded'
P2963	'Goodreads author ID'
P5068	'Flanders Arts Institute person ID'
P2941	'Munk\'s Roll ID'
P5377	'Étonnants voyageurs participant ID'
P3901	'ADAGP artist ID'
P7865	'CoBiS author ID'
P1416	'affiliation'
P1950	'second family name in Spanish name'
P597	'WTA player ID'
P4782	'Movieplayer person ID'
P1309	'EGAXA ID'
P263	'official residence'
P2810	'LPGA Tour golf player ID'
P3475	'SANU member ID'
P2640	'Swimrankings.net swimmer ID'
P1149	'Library of Congress Classification'
P2080	'AcademiaNet ID'
P5380	'National Academy of Sciences member ID'
P2873	'time in space'
P1007	'Lattes Platform number'
P2798	'Loop ID'
P6366	'Microsoft Academic ID'
P8814	'WordNet 3.1 Synset ID'
P6005	'Muck Rack journalist ID'
P4104	'Carnegie Hall agent ID'
P5470	'Scottish Poetry Library poet ID'
P6302	'Dictionnaire de spiritualité ID'
P1842	'Global Anabaptist Mennonite Encyclopedia Online ID'
P793	'significant event'
P9807	'SNK ID'
P4450	'HAL author ID'
P7151	'Wynk artist ID'
P5088	'Internet Encyclopedia of Philosophy ID'
P8024	'Nobel Laureate API ID'
P737	'influenced by'
P3241	'Catholic Encyclopedia ID'
P4663	'DACS ID'
P5503	'Poetry Society of America poet ID'
P6817	'SVT Play ID'
P3051	'Kindred Britain ID'
P1541	'CQ Ranking male cyclist ID'
P1220	'Internet Broadway Database person ID'
P2354	'has list'
P4332	'Deutsche Synchronkartei actor ID'
P4781	'MYmovies director ID'
P7666	'Visuotinė lietuvių enciklopedija ID'
P3876	'category for alumni of educational institution'
P1615	'CLARA-ID'
P9467	'IAU member ID'
P6015	'Handbook of Texas ID'
P1695	'NLP ID (unique)'
P9621	'Treccani\'s Enciclopedia della Matematica ID'
P7831	'NMVW ID'
P7324	'iHeartRadio podcast ID'
P9097	'American Academy in Rome ID'
P9020	'AV Production person ID'
P6488	'Enciclopedia delle donne ID'
P2037	'GitHub username'
P4180	'GujLit Person ID'
P2041	'National Gallery of Victoria artist ID'
P3933	'Cinema.de ID'
P20	'place of death'
P1005	'Portuguese National Library ID'
P4515	'Prisma ID'
P8578	'TracesOfWar person ID'
P2416	'sports discipline competed in'
P8290	'Archivio Storico Ricordi person ID'
P3553	'Zhihu topic ID'
P6146	'The Hendon Mob ID'
P3188	'Nobel prize ID'
P2088	'Crunchbase organization ID'
P1670	'Canadiana Authorities ID (former scheme)'
P4145	'Athenaeum person ID'
P9232	'Obituaries Australia ID'
P5370	'Entomologists of the World ID'
P1412	'languages spoken, written or signed'
P2699	'URL'
P9404	'OFDb person ID'
P8795	'General Diamond Catalogue ID'
P7400	'LibraryThing author ID'
P4789	'Who\'s Who UK ID'
P511	'honorific prefix'
P3043	'Scoresway soccer person ID'
P1246	'patent number'
P6872	'has written for'
P1006	'Nationale Thesaurus voor Auteurs ID'
P553	'website account on'
P9251	'Cyprus University of Technology ID'
P3836	'Pinterest username'
P6993	'Pro Kabaddi League player ID'
P8349	'Proleksis enciklopedija ID'
P3150	'birthday'
P7214	'Allcinema person ID'
P3476	'PSA World Tour player ID'
P108	'employer'
P227	'GND ID'
P3953	'ALPG Tour golf player ID'
P1048	'NCL ID'
P6886	'writing language'
P5357	'The Encyclopedia of Science Fiction ID'
P1576	'lifestyle'
P1967	'BoxRec boxer ID'
P4912	'century breaks'
P8971	'Cinémathèque québécoise person ID'
P1988	'Le Delarge ID'
P1015	'NORAF ID'
P6683	'Alexander Turnbull Library ID'
P5393	'cipM poet ID'
P51	'audio'
P6594	'Guggenheim fellows ID'
P2944	'Plarr ID'
P6792	'Find NZ Artists ID'
P8625	'bibliography'
P2830	'Online World of Wrestling ID'
P2522	'victory'
P5331	'OCLC work ID'
P5513	'Enciclopèdia de l\'Esport Català ID'
P1617	'BBC Things ID'
P9141	'Portal da Literatura ID'
P6914	'Gaana.com artist ID'
P1801	'commemorative plaque image'
P6944	'Bionomia ID'
P7300	'MUBI person ID'
P7215	'Eiga.com person ID'
P996	'document file on Wikimedia Commons'
P3521	'European Tour golf player ID'
P1476	'title'
P8418	'Oberwolfach mathematician ID'
P3544	'Te Papa agent ID'
P10	'video'
P2281	'Apple Music album ID (U.S. version)'
P7109	'Acharts.co artist ID'
P1038	'relative'
P3527	'Eurobasket.com player ID'
P3315	'chesstempo ID'
P8336	'MNBAQ artist ID'
P6083	'Cineuropa person ID'
P3726	'EU-Football.info player ID'
P6479	'IEEE Xplore author ID'
P3056	'TCM Movie Database person ID'
P2348	'time period'
P3623	'BadmintonLink player ID'
P9244	'Women Australia ID'
P2639	'Filmportal ID'
P9493	'artist files at'
P4015	'Vimeo identifier'
P4411	'Quora username'
P6802	'related image'
P166	'award received'
P8947	'Museo Galileo authority ID'
P607	'conflict'
P4985	'TMDb person ID'
P2562	'married name'
P4285	'Theses.fr person ID'
P6404	'Treccani\'s Dizionario di Storia ID'
P4198	'Google Play Music artist ID (former scheme)'
P7944	'DoME artist ID'
P4629	'Online Books Page author ID'
P409	'Libraries Australia ID'
P3413	'Leopoldina member ID'
P4175	'Patreon ID'
P1532	'country for sport'
P9322	'SVKKL authority ID'
P2015	'Hansard (1803–2005) ID'
P950	'Biblioteca Nacional de España ID'
P4381	'Soccerdonna player ID'
P2020	'WorldFootball.net player ID'
P9743	'Podchaser creator ID'
P1289	'Kritisches Lexikon zur fremdsprachigen Gegenwartsliteratur ID'
P998	'Curlie ID'
P2772	'FIS alpine skier ID'
P4459	'Spanish Biographical Dictionary ID'
P3192	'Last.fm ID'
P7293	'PLWABN ID'
P1896	'source website for the property'
P2191	'Vegetti Catalog of Fantastic Literature NILF ID'
P7502	'Golden ID'
P2605	'ČSFD person ID'
P2868	'subject has role'
P3330	'Supermodels.nl ID'
P3762	'openMLOL author ID'
P8902	'Archives at Yale names ID'
P1049	'worshipped by'
P6953	'2014 Commonwealth Games athlete ID'
P5306	'LONSEA ID'
P4544	'Tennis Temple player ID'
P9686	'Classical Archives composer ID'
P9640	'PAS member ID'
P5570	'NooSFere author ID'
P2750	'Photographers\' Identities Catalog ID'
P3305	'KINENOTE person ID'
P8197	'PragerU presenter ID'
P6656	'BHCL ID'
P5096	'member of the crew of'
P5815	'Olympics.com athlete ID'
P7177	'Cinestaan film ID'
P2536	'Sandbox-External identifier'
P345	'IMDb ID'
P3360	'Nobel Prize People Nomination ID'
P6119	'Letterboxd actor ID'
P2780	'IAT diver ID'
P169	'chief executive officer'
P3265	'Myspace ID'
P7700	'Slovak National Library ID (VIAF)'
P8750	'Unione Romana Biblioteche Scientifiche ID'
P3845	'TV Guide person ID (former scheme)'
P136	'genre'
P1795	'Smithsonian American Art Museum person/institution ID'
P9414	'Viasona ID'
P4887	'Web umenia creator ID'
P723	'Digitale Bibliotheek voor de Nederlandse Letteren author ID'
P8618	'ITF player ID 2020'
P3145	'Sratim ID'
P157	'killed by'
P1953	'Discogs artist ID'
P2574	'National-Football-Teams.com player ID'
P3910	'Bollywood Hungama person numeric ID'
P3342	'significant person'
P7803	'Decine21 person ID'
P1368	'LNB ID'
P4439	'MNCARS artist ID'
P2447	'Transfermarkt manager ID'
P5240	'RollDaBeats artist ID'
P154	'logo image'
P6992	'IMFDB ID'
P5034	'National Library of Korea ID'
P2423	'International Fencing Federation fencer ID'
P9468	'LIMA media artist ID'
P1283	'filmography'
P3114	'ISzDb person ID'
P3418	'Google Play Store app ID'
P243	'OCLC control number'
P286	'head coach'
P8848	'CONOR.AL ID'
P185	'doctoral student'
P6900	'NicoNicoPedia ID'
P94	'coat of arms image'
P3048	'racing-reference.info driver ID'
P2350	'SpeedSkatingBase.eu ID'
P3314	'365chess player ID'
P1899	'LibriVox author ID'
P6087	'coach of sports team'
P4503	'Wimbledon player ID'
P3232	'PhilPapers author ID'
P2168	'Swedish Film Database person ID'
P710	'participant'
P6385	'Krugosvet article'
P3365	'Treccani ID'
P5645	'Académie française award winner ID'
P2276	'UEFA player ID'
P3988	'National Library Board Singapore ID'
P6300	'Hymnary author ID'
P2341	'indigenous to'
P953	'full work available at URL'
P888	'JSTOR article ID'
P8496	'Archive Site Trinity College Cambridge ID'
P859	'sponsor'
P4112	'danskfilmogtv person ID'
P3269	'Fotografen.nl ID'
P6327	'Goodreads character ID'
P7993	'Treccani\'s Dizionario di Filosofia ID'
P9328	'Universal Music France artist ID'
P3172	'World Bridge Federation ID'
P2268	'Musée d\'Orsay artist ID'
P2722	'Deezer artist ID'
P7848	'Frick Art Reference Library Photoarchive ID'
P580	'start time'
P1565	'Enciclopedia de la Literatura en México ID'
P7278	'Peakbagger climber ID'
P1816	'National Portrait Gallery (London) person ID'
P1598	'consecrator'
P138	'named after'
P1409	'Cycling Archives cyclist ID'
P8850	'CONOR.KS ID'
P4473	'Melon artist ID'
P2843	'Benezit ID'
P3925	'Track and Field Statistics male athlete ID'
P9307	'Fancyclopedia 3 ID'
P271	'CiNii author ID (books)'
P3526	'wisden.com ID'
P3630	'Babelio author ID'
P7301	'Al-Jazeera topic ID'
P5394	'Poets & Writers author ID'
P5364	'British Council writer ID'
P4248	'The Black Book ID'
P3346	'HKMDB person ID'
P6784	'Harper\'s author ID'
P3235	'PhilPapers topic'
P2162	'Deutsche Ultramarathon-Vereinigung ID'
P3667	'IWF athlete ID'
P7436	'WorldReferee.com referee ID'
P7923	'Bollywood Hungama person alphabetic ID'
P4283	'LUMIERE director ID'
P3183	'Wall Street Journal topic ID'
P22	'father'
P552	'handedness'
P361	'part of'
P2607	'BookBrainz author ID'
P178	'developer'
P7178	'Cinestaan person ID'
P8833	'Union Catalog of Armenian Libraries authority ID'
P5749	'Amazon Standard Identification Number'
P5007	'Behind The Voice Actors person ID'
P1553	'Yandex Music artist ID'
P5246	'Pornhub ID'
P123	'publisher'
P569	'date of birth'
P3716	'social classification'
P9463	'MovieMeter person ID'
P4204	'The Times of India topic ID'
P8754	'OpenStreetMap numeric user ID'
P1352	'ranking'
P5298	'Webb-site person ID'
P9626	'Biographical Encyclopedia of Astronomers ID'
P4823	'American National Biography ID'
P4765	'Commons compatible image available at URL'
P4779	'MYmovies actor ID'
P412	'voice type'
P1966	'Biblioteca Nacional de Chile catalogue number'
P6500	'non-free artwork image URL'
P1826	'Baseball-Reference.com minor & foreign league player ID'
P3142	'EDb person ID'
P452	'industry'
P7444	'Rijksmuseum Research Library authority ID'
P2519	'Scope.dk person ID'
P6150	'Academy Awards Database nominee ID'
P1367	'Art UK artist ID'
P9196	'BookBub author ID'
P5254	'FilmTv.it person ID'
P4948	'DDB ID'
P463	'member of'
P8832	'PAN member'
P3361	'PictoRight ID code'
P1375	'NSK ID'
P5821	'ArhivX LOD'
P4793	'identifiers.org prefix'
P5021	'assessment'
P3537	'FootballDatabase.eu player ID'
P4471	'Rush Parliamentary Archive ID'
P3564	'Global Poker Index ID'
P4070	'identifier shared with'
P6908	'Cameo ID'
P3219	'Encyclopædia Universalis ID'
P5714	'Tor.com author ID'
P1026	'academic thesis'
P6081	'RIA Novosti reference'
P54	'member of sports team'
P7356	'DC Books author ID'
P1213	'NLC authorities'
P3341	'Kvikmyndir person ID'
P4255	'Banglapedia (English version) ID'
P4114	'ADK member ID'
P6234	'Biographie nationale de Belgique ID'
P935	'Commons gallery'
P4839	'Wolfram Language entity code'
P437	'distribution format'
P2799	'BVMC person ID'
P4025	'Pinakothek artist ID'
P2283	'uses'
P5750	'FBref.com player ID'
P9661	'EBAF authority ID'
P5641	'PRELIB person ID'
P7859	'WorldCat Identities ID'
P8568	'Jewish Virtual Library ID'
P3047	'PlaymakerStats.com player ID'
P7026	'Lebanese National Library ID'
P3733	'MOOMA artist ID'
P6465	'Democracy Club candidate ID'
P746	'date of disappearance'
P276	'location'
P4490	'British Olympic Association athlete ID'
P2688	'Box Office Mojo person ID'
P1027	'conferred by'
P6849	'DR topic ID'
P434	'MusicBrainz artist ID'
P6972	'Napster artist ID'
P349	'National Diet Library ID'
P5504	'RISM ID'
P2450	'Encyclopædia Britannica contributor ID'
P3373	'sibling'
P2206	'Discogs release ID'
P4818	'Panoptikum podcast ID'
P1839	'US Federal Election Commission ID'
P2685	'Basketball Reference NBA player ID'
P8720	'xHamster performer ID'
P6874	'Musixmatch artist ID'
P4391	'The-Sports.org athlete ID'
P2812	'MathWorld identifier'
P1346	'winner'
P973	'described at URL'
P2773	'FIS cross-country skier ID'
P641	'sport'
P1340	'eye color'
P8317	'Philadelphia Museum of Art entity ID'
P9706	'Director Identification Number'
P708	'diocese'
P2626	'Danish National Filmography person ID'
P8214	'curriculum vitae'
P2779	'IAT weightlifter ID'
P156	'followed by'
P4431	'Google Doodle'
P1607	'Dialnet author ID'
P5739	'Pontificia Università della Santa Croce ID'
P3943	'Tumblr username'
P4598	'FAPESP researcher ID'
P3233	'PhilPeople profile'
P5917	'Shazam artist ID'
P1808	'senat.fr ID'
P5463	'AE member ID'
P5056	'patronym or matronym for this person'
P8334	'MuseScore artist ID'
P5605	'DOLF ID'
P951	'NSZL (VIAF) ID'
P2976	'patronym or matronym for this name'
P2966	'National Library of Wales Authority ID'
P8687	'social media followers'
P3788	'BNMM authority ID'
P8951	'Order of Canada recipient ID'
P4169	'YCBA agent ID'
P2861	'Leidse Hoogleraren ID'
P19	'place of birth'
P7902	'Deutsche Biographie (GND) ID'
P245	'Union List of Artist Names ID'
P5875	'ResearchGate publication ID'
P1686	'for work'
P3106	'Guardian topic ID'
P2190	'C-SPAN person ID'
P5617	'Evene ID'
P2409	'CiNii article ID'
P2397	'YouTube channel ID'
P1844	'HathiTrust ID'
P549	'Mathematics Genealogy Project ID'
P7893	'CIÊNCIAVITAE ID'
P61	'discoverer or inventor'
P5243	'Canal-U person ID'
P1056	'product or material produced'
P3794	'Dictionary of Sydney ID'
P1327	'partner in business or sport'
P2949	'WikiTree person ID'
P3699	'Transfermarkt referee ID'
P5154	'KKBox artist ID'
P866	'Perlentaucher ID'
P4457	'DAHR artist ID'
P5035	'Lambiek Comiclopedia artist ID'
P2477	'BDRC Resource ID'
P1971	'number of children'
P5597	'Artcyclopedia artist ID'
P5657	'National Humanities Medal winner ID'
P8849	'CONOR.BG ID'
P1736	'Information Center for Israeli Art artist ID'
P691	'NKCR AUT ID'
P97	'noble title'
P7071	'Qobuz artist ID'
P2048	'height'
P8179	'Canadiana NCF ID'
P2435	'PORT person ID'
P213	'ISNI'
P839	'IMSLP ID'
P7829	'English Vikidia ID'
P53	'family'
P4254	'Bengali Banglapedia ID'
P488	'chairperson'
P4744	'Basketball-Reference.com NBA G League player ID'
P8852	'facial hair'
P3411	'Saxon Academy of Sciences member ID'
P9287	'Cyprus Bibliography ID'
P3835	'Mendeley person ID'
P8385	'IDU person ID'
P1325	'external data available at'
P6926	'Nederlandse Top 40 artist ID'
P7445	'Basis Wien person ID'
P3742	'FIH player ID'
P8080	'Ökumenisches Heiligenlexikon ID'
P2342	'AGORHA person/institution ID'
P8462	'Political Graveyard politician ID'
P4521	'Radio Radicale person ID'
P26	'spouse'
P2767	'JudoInside judoka ID'
P5797	'Twitch channel ID'
P268	'Bibliothèque nationale de France ID'
P6559	'Official Charts artist ID'
P7176	'XING profile ID'
P1599	'Cambridge Alumni Database ID'
P1085	'LibraryThing work ID'
P611	'religious order'
P1651	'YouTube video ID'
P8870	'Hyperion Records person ID'
P3940	'OlimpBase Chess Olympiad player ID'
P3830	'CueTracker player ID'
P6764	'V&A person ID'
P2730	'ISSF athlete ID'
P25	'mother'
P3608	'EU VAT number'
P2728	'CageMatch worker ID'
P6844	'abART person ID'
P3478	'Songkick artist ID'
P8796	'FilmPolski press collection ID'
P6264	'Harvard Index of Botanists ID'
P2266	'FMD model ID'
P40	'child'
P3654	'Chess.com player ID'
P4787	'CiNii author ID (articles)'
P5033	'Filmweb.pl person ID'
P5909	'HKCAN ID'
P1415	'Oxford Dictionary of National Biography ID'
P3684	'Driver Database driver ID'
P941	'inspired by'
P1635	'religious name'
P7504	'Jeugdliteratuur ID'
P7566	'JNAF artist ID'
P8172	'Sejm-Wielki.pl profile ID'
P7105	'LezWatch.TV actor ID'
P1424	'topic\'s main template'
P2642	'Fed Cup player ID'
P2094	'competition class'
P864	'ACM Digital Library author ID'
P3980	'Unifrance person ID'
P18	'image'
P86	'composer'
P4343	'WBPLN author ID'
P4955	'MR Author ID'
P3621	'Darts Database player ID'
P2818	'Sherdog ID'
P3957	'RealGM basketball player ID'
P7277	'Pandora artist ID'
P3666	'EPCR player ID'
P5271	'Saint Louis Art Museum person ID'
P217	'inventory number'
P4215	'nLab ID'
P3074	'Grace\'s Guide ID'
P3923	'Diamond League athlete ID'
P6104	'maintained by WikiProject'
P734	'family name'
P3554	'World Series of Poker ID'
P6	'head of government'
P863	'InPhO ID'
P1711	'British Museum person or institution ID'
P3468	'National Inventors Hall of Fame ID'
P741	'playing hand'
P2387	'Elonet person ID'
P3568	'Official World Golf Ranking player ID'
P2641	'Davis Cup player ID'
P2121	'prize money'
P1299	'depicted by'
P2042	'Artsy artist ID'
P989	'spoken text audio'
P6275	'copyright representative'
P1387	'political alignment'
P4432	'AKL Online artist ID'
P1853	'blood type'
P1329	'phone number'
P66	'ancestral home'
P812	'academic major'
P5267	'YouPorn ID'
P3222	'NE.se ID'
P264	'record label'
P3782	'Artnet artist ID'
P2984	'Snapchat username'
P8839	'hairstyle'
P3417	'Quora topic ID'
P2067	'mass'
P8990	'World Rowing ID (UUID format)'
P3535	'Japan Golf Tour player ID'
P2372	'ODIS ID'
P2686	'OpenSecrets people ID'
P1907	'Australian Dictionary of Biography ID'
P248	'stated in'
P6804	'Art Gallery of South Australia creator ID'
P4440	'Biblioteca Nacional de México ID'
P7112	'CUP2002.RU person ID'
P7212	'LyricsTranslate ID'
P3276	'Angel List ID'
P1087	'Elo rating'
P4640	'photosphere image'
P410	'military rank'
P6722	'FemBio ID'
P50	'author'
P2936	'language used'
P411	'canonization status'
P4016	'SlideShare username'
P3283	'Bandcamp ID'
P7175	'Gaana.com album ID'
P1280	'CONOR.SI ID'
P5404	'Rate Your Music artist ID'
P1296	'Gran Enciclopèdia Catalana ID'
P270	'CALIS ID'
P5540	'RedTube ID'
P564	'singles record'
P8125	'Fandango person ID'
P5343	'Poets.org poet ID'
P1364	'ITTF table tennis player ID'
P937	'work location'
P3280	'BAnQ author ID'
P5008	'on focus list of Wikimedia project'
P7763	'copyright status as a creator'
P1728	'AllMusic artist ID'
P5643	'RSL author ID'
P6002	'WikiArt ID'
P598	'commander of (DEPRECATED)'
P450	'astronaut mission'
P9522	'Biblioteca di Santa Sabina ID'
P6578	'MutualArt artist ID'
P7243	'pronunciation'
P2804	'World Sailing member ID'
P7130	'Vidwan ID'
P1951	'investor'
P119	'place of burial'
P3171	'Olympic.org athlete ID (archived version)'
P428	'botanist author abbreviation'
P3874	'Justia Patents inventor ID'
P1469	'FIFA player ID'
P4486	'Google Play developer ID'
P106	'occupation'
P4927	'Invaluable.com person ID'
P9761	'IRIS SNS author ID'
P7192	'TuneIn artist ID'
P1248	'KulturNav-ID'
P7699	'National Library of Lithuania ID'
P6126	'Santiebeati ID'
P1448	'official name'
P4342	'Store norske leksikon ID'
P1563	'MacTutor biography ID'
P9426	'Generals of World War II ID'
P547	'commemorates'
P1258	'Rotten Tomatoes ID'
P3765	'All-Athletics.com ID'
P5443	'Collège de France professor ID'
P6314	'WorldFootball.net referee ID'
P3919	'contributed to creative work'
P277	'programming language'
P6325	'Critique d\'art ID'
P4970	'alternate names'
P646	'Freebase ID'
P6412	'Gran Enciclopèdia de la Música ID'
P5392	'Poetry Archive poet ID'
P2398	'MLS player ID'
P1580	'University of Barcelona authority ID'
P1150	'Regensburg Classification'
P6868	'Hoopla artist ID'
P2889	'FamilySearch person ID'
P140	'religion'
P269	'IdRef ID'
P2753	'Dictionary of Canadian Biography ID'
P2694	'ISU figure skater ID'
P9289	'Filmitalia person ID'
P3388	'LittleSis people ID'
P3316	'ICCF player ID'
P585	'point in time'
P8899	'Swedish National Library Arken ID'
P2038	'ResearchGate profile ID'
P8851	'CONOR.SR ID'
P1421	'GRIN URL'
P241	'military branch'
P1440	'FIDE player ID'
P159	'headquarters location'
P358	'discography'
P5378	'Akadem person ID'
P443	'pronunciation audio'
P6903	'ArtBrokerage artist ID'
P8140	'motorsportstats.com driver ID'
P8094	'GeneaStar person ID'
P6276	'Amazon Music artist ID'
P803	'professorship'
P7053	'Indian Super League player ID'
P898	'IPA transcription'
P8974	'SAPA ID'
P1890	'CCAB ID'
P7134	'Mojarto artist ID'
P8081	'WBIS ID'
P8207	'The Conversation author ID'
P9368	'CNA topic ID'
P4359	'gravsted.dk ID'
P7671	'Semion author ID'
P7550	'Paralympic.org athlete ID'
P7038	'Documenta Catholica Omnia author ID'
P3847	'Open Library subject ID'
P1473	'BLPL author ID'
P742	'pseudonym'
P3546	'AustralianFootball.com ID'
P555	'doubles record'
P1989	'Encyclopaedia Metallum artist ID'
P466	'occupant'
P4502	'Snooker.org player ID'
P1017	'Vatican Library ID (former scheme)'
P8041	'DR music artist ID'
P3379	'Model Manual ID'
P1047	'Catholic Hierarchy person ID'
P6521	'Crew United person ID'
P4936	'SFMOMA artist ID'
P2601	'Eurohockey.com player ID'
P7085	'TikTok username'
P2990	'FIL athlete ID'
P4438	'BFI Films, TV and people ID'
P6315	'PlaymakerStats.com referee ID'
P9720	'fotoCH photographer ID'
P8248	'Colon Classification'
P5337	'Google News topics ID'
P2847	'Google+ ID'
P158	'seal image'
P1146	'World Athletics athlete ID'
P1344	'participant in'
P945	'allegiance'
P7578	'DUC ID'
P1433	'published in'
P2471	'Models.com person ID'
P4174	'Wikimedia username'
P3913	'MobyGames developer ID'
P3533	'DraftExpress ID'
P5508	'archINFORM person or group ID'
P1185	'Rodovid ID'
P2469	'Theatricalia person ID'
P2188	'BiblioNet author ID'
P2070	'Fellow of the Royal Society ID'
P2696	'FIG gymnast licence number'
P7433	'FantLab author ID'
P3909	'last words'
P2611	'TED speaker ID'
P6573	'Klexikon article ID'
P109	'signature'
P3995	'Filmweb.pl ID'
P3603	'Minneapolis Institute of Art constituent ID'
P4548	'Commonwealth Games Federation athlete ID'
P2093	'author name string'
P3924	'Track and Field Statistics female athlete ID'
P5224	'OlimpBase Women\'s Chess Olympiad player ID'
P3185	'VK ID'
P4588	'International World Games Association athlete ID'
P7012	'World Encyclopedia of Puppetry Arts ID'
P1980	'PolSys ID'
P1037	'director / manager'
P8297	'New York Times contributor ID'
P4138	'Treasury of Lives ID'
P5284	'Douban movie celebrity ID'
P4300	'YouTube playlist ID'
P2930	'INSPIRE-HEP author ID'
P5731	'Angelicum ID'
P7842	'Vienna History Wiki ID'
P2613	'TED talk ID'
P750	'distributed by'
P4223	'Treccani\'s Enciclopedia Italiana ID'
P8980	'KANTO ID'
P5915	'Shazam track ID'
P3065	'RERO ID'
P4200	'Christie\'s creator ID'
P4702	'Google Arts & Culture partner ID'
P2446	'Transfermarkt player ID'
P3207	'Vine user ID'
P2412	'FMD designer ID'
P7317	'iHeartRadio artist ID'
P3221	'New York Times topic ID'
P8234	'LiederNet author ID'
P1663	'ProCyclingStats cyclist ID'
P1045	'Sycomore ID'
P1472	'Commons Creator page'
P3928	'MotoGP racer ID'
P8548	'Proballers ID'
P4553	'RA Collections ID'
P1266	'AlloCiné person ID'
P768	'electoral district'
P8366	'GCatholic person ID'
P485	'archives at'
P1665	'ChessGames.com player ID'
P373	'Commons category'
P3017	'Rolling Stone artist ID'
P570	'date of death'
P2030	'NASA biographical ID'
P4538	'Snooker Database player ID'
P3520	'databaseOlympics.com athlete ID'
P8580	'NHK Archives Portal person ID'
P5312	'Kino-teatr.ua person ID'
P7028	'National Library of Luxembourg ID'
P2638	'TV.com ID'
P1347	'military casualty classification'
P947	'RSL ID (person)'
P1343	'described by source'
P4208	'Billboard artist ID'
P3769	'It\'s Rugby player ID'
P7745	'Movie Walker person ID'
P4913	'dialect of'
P2857	'WWE.com superstar ID'
P5273	'Nelson-Atkins Museum of Art person ID'
P7982	'Hrvatska enciklopedija ID'
P1153	'Scopus author ID'
P8827	'GitLab username'
P3204	'Ciné-Ressources person ID'
P1326	'latest date'
P4666	'CineMagia person ID'
P4054	'Canadian Olympic Committee athlete ID'
P3829	'Publons author ID'
P5121	'All About Jazz musician ID'
P2561	'name'
P5361	'BNB person ID'
P6262	'Fandom article ID'
P6919	'Indian gallantry awardee ID'
P5441	'Encyclopaedia Herder person ID'
P3645	'All Blacks player ID'
P1766	'place name sign'
P2481	'Elite Prospects player ID'
P5905	'Comic Vine ID'
P3899	'Medium username'
P2087	'Crunchbase person ID'
P9430	'Encyclopedia of Jewish Women ID'
P4303	'Lega Pallavolo Serie A player ID'
P6714	'Whitney Museum of American Art artist ID'
P3124	'Polish scientist ID'
P5421	'Trading Card Database person ID'
P6174	'The World Academy of Sciences fellow ID'
P1399	'convicted of'
P2572	'hashtag'
P5134	'evaluation of'
P9459	'Rekhta author ID'
P2650	'interested in'
P8585	'FIPRESCI person ID'
P1636	'date of baptism in early childhood'
P31	'instance of'
P5340	'American Film Institute person ID'
P8286	'Olympedia people ID'
P5419	'NYRB contributor ID'
P4399	'Itaú Cultural ID'
P1245	'OmegaWiki Defined Meaning'
P5002	'Orthodox Encyclopedia ID'
P1707	'DAAO ID'
P1875	'represented by'
P2031	'work period (start)'
P6407	'World Cube Association ID'
P2850	'Apple Music artist ID (American version)'
P2697	'ESPNcricinfo.com player ID'
P5534	'Open Media Database person ID'
P1595	'charge'
P3408	'FINA athlete ID'
P496	'ORCID iD'
P3267	'Flickr user ID'
P5502	'LRB contributor ID'
P6379	'has works in the collection'
P1969	'MovieMeter director ID (former scheme)'
P3286	'Squash Info player ID'
P3052	'Bloomberg person ID'
P1455	'list of works'
P3344	'Vote Smart ID'
P2600	'Geni.com profile ID'
P3897	'Ladies European Tour golf player ID'
P2698	'CricketArchive player ID'
P1477	'birth name'
P244	'Library of Congress authority ID'
P3965	'Bridgeman artist ID'
P9183	'uta-net.com artist ID'
P2349	'Stuttgart Database of Scientific Illustrators ID'
P6235	'Académie royale de Belgique member ID'
P3869	'IAFD female performer ID'
P4790	'Basketball-Reference.com international player ID'
P5297	'Companies House officer ID'
P6178	'Dimensions author ID'
P6351	'Genius artist numeric ID'
P1889	'different from'
P1315	'NLA Trove ID'
P5705	'Los Angeles Review of Books author ID'
P7208	'Liber Liber author ID'
P2914	'MSBI person ID'
P6461	'Rock\'s Backpages artist ID'
P1138	'Kunstindeks Danmark Artist ID'
P7827	'Spanish Vikidia ID'
P5226	'BRAHMS artist ID'
P5948	'CMI person ID'
P9419	'personal library at'
P1683	'quotation'
P3814	'BoF person ID'
P802	'student'
P7303	'Grammy Awards artist ID'
P4326	'BFI Filmography person ID'
P4978	'PRS Legislative Research MP ID'
P4100	'parliamentary group'
P3029	'UK National Archives ID'
P4682	'Eldoblaje original actor ID'
P2459	'IBU biathlete ID'
P3010	'World Archery Federation ID'
P214	'VIAF ID'
P7820	'Punjabipedia ID'
P6188	'BDFA player ID'
P1556	'zbMATH author ID'
P3348	'National Library of Greece ID'
P6282	'French Academy of Sciences member ID'
P6295	'ARTIC artist ID'
P1884	'hair color'
P172	'ethnic group'
P906	'SELIBR ID'
P4286	'Nominis saint ID'
P37	'official language'
P9179	'Biblioteca Iglesia Nacional Española en Roma ID'
P8511	'Fototeka person ID'
P7449	'NARCIS researcher ID'
P5081	'Norsk kunstnerleksikon ID'
P1559	'name in native language'
P1285	'Munzinger Sport number'
P5789	'WorldofVolley player ID'
P910	'topic\'s main category'
P5933	'tweet ID'
P1066	'student of'
P3123	'Stanford Encyclopedia of Philosophy ID'
P6925	'Musicalics composer ID'
P7052	'Jaxsta profile ID'
P8301	'Montreux Jazz Festival person ID'
P1596	'penalty'
P6745	'Orlando author ID'
P8007	'US Bureau of Prisons Inmate Register Number'
P8826	'edition humboldt digital ID'
P781	'SIKART ID'
P3477	'Nihon Tarento Meikan ID'
P1739	'CiNii book ID'
P4293	'PM20 folder ID'
P6375	'street address'
P1430	'OpenPlaques subject ID'
P8523	'Présence Compositrices composer ID'
P8408	'KBpedia ID'
P2428	'RePEc Short-ID'
P7194	'AZLyrics.com artist ID'
P1618	'sport number'
P5431	'setlist.fm artist ID'
P5632	'Persons of Indian Studies ID'
P2043	'length'
P161	'cast member'
P184	'doctoral advisor'
P6829	'Dictionary of Irish Biography ID'
P735	'given name'
P4594	'arXiv author ID'
P6441	'Douban author ID'
P7845	'MarketScreener business leaders ID'
P972	'catalog'
P2006	'ZooBank author ID'
P17	'country'
P2942	'Dailymotion channel ID'
P1019	'web feed URL'
P6394	'ELNET ID'
P9588	'causesanti.va ID'
P3927	'eWRC-results.com racer ID'
P2218	'net worth'
P8577	'ICP artist ID'
P4476	'Australian Baseball League player ID'
P1366	'replaced by'
P865	'BMLO ID'
P535	'Find A Grave memorial ID'
P625	'coordinate location'
P1187	'Dharma Drum Institute of Liberal Arts person ID'
P1552	'has quality'
P3821	'Bangla Movie Database ID'
P3091	'mount'
P7619	'The Cardinals of the Holy Roman Church ID'
P3430	'SNAC ARK ID'
P7059	'Premier Badminton League player ID'
P5143	'amateur radio callsign'
P5489	'artist-info artist ID'
P3789	'Telegram username'
P3708	'PhDTree person ID'
P4361	'ExecutedToday ID'
P2671	'Google Knowledge Graph ID'
P5695	'Bibliopoche author ID'
P8309	'Yle topic ID'
P599	'ITF player ID'
P1273	'CANTIC ID'
P7349	'Gazetteer for Scotland person ID'
P2715	'elected in'
P3542	'FIBA player ID'
P7157	'The Top Tens ID'
P512	'academic degree'
P7374	'educational stage'
P2369	'Soccerway player ID'
P2174	'Museum of Modern Art artist ID'
P2727	'United World Wrestling ID'
P175	'performer'
P4349	'Lotsawa House Indian author ID'
P9534	'Biblioteche della Custodia di Terra Santa a Gerusalemme ID'
P6698	'Japan Search name ID'
P2624	'MetroLyrics ID'
P9337	'Keratsini-Drapetsona libraries\' catalogue authority ID'
P4862	'Amazon author ID'
P6935	'The DJ List artist ID'
P2456	'DBLP author ID'
P5430	'Poetry International Web poet ID'
P2603	'Kinopoisk film ID'
P5395	'Canadian Encyclopedia article ID'
P2764	'Wrestlingdata person ID'
P8976	'Lichess username'
P3144	'elFilm person ID'
P112	'founded by'
P7926	'Visual AIDS Artist+ Registry ID'
P9629	'Armeniapedia ID'
P9694	'VK artist ID'
P3681	'ESPNFC.com player ID'
P3888	'Boijmans artist ID'
P6152	'National Portrait Gallery (United States) object ID'
P1938	'Project Gutenberg author ID'
P3846	'DBC author ID'
P675	'Google Books ID'
P8406	'Grove Art Online ID'
P118	'league'
P1902	'Spotify artist ID'
P6812	'AntWiki article ID'
P3531	'AZBilliards ID'
P1977	'Les Archives du Spectacle Person ID'
P5341	'Poetry Foundation ID'
P8557	'edukado.net Panteono ID'
P2987	'Taekwondo Data ID'
P5716	'2006 Commonwealth Games athlete ID'
P2909	'SecondHandSongs artist ID'
P4012	'Semantic Scholar author ID'
P3786	'Danskefilm person ID'
P1039	'kinship to subject'
P6058	'Larousse ID'
P21	'sex or gender'
P4461	'World Golf Hall of Fame player ID'
P7943	'The Washington Post contributor ID'
P8658	'Syro-Malabar Catholic Church ID'
P856	'official website'
P3368	'Prabook ID'
P6706	'De Agostini ID'
P3136	'elCinema person ID'
P179	'part of the series'
P1449	'nickname'
P3987	'SHARE Catalogue author ID'
P5654	'France Musique person ID'
P5415	'Whonamedit? doctor ID'
P1284	'Munzinger person ID'
P6637	'AWARE ID'
P2943	'warheroes.ru ID'
P2732	'Persée author ID'
P4759	'Luminous-Lint ID'
P5414	'The Paris Review interviewee ID'
P103	'native language'
P8672	'Twitter topic ID'
P2924	'Great Russian Encyclopedia Online ID'
P536	'ATP player ID'
P4498	'World Snooker athlete ID'
P3372	'Auckland Art Gallery artist ID'
P3284	'Yahoo! Japan Talent Database ID'
P5368	'National Gallery of Canada artist ID'
P2318	'debut participant'
P8295	'AustLit ID'
P571	'inception'
P586	'IPNI author ID'
P5375	'BIU Santé person ID'
P2604	'Kinopoisk person ID'
P6255	'SinemaTürk person ID'
P4576	'Tidal artist ID'
P4504	'IWRP athlete ID'
P8805	'LIMIS person ID'
P9545	'Encyclopedia of China Online Database ID'
P91	'sexual orientation'
P1225	'U.S. National Archives Identifier'
P6634	'LinkedIn personal profile ID'
P27	'country of citizenship'
P2002	'Twitter username'
P6552	'Twitter user numeric ID'
P949	'National Library of Israel ID'
P3351	'Adult Film Database actor ID'
P2021	'Erdős number'
P7704	'Europeana entity'
P7183	'EPW author ID'
P2581	'BabelNet ID'
P1666	'Chess Club ID'
P1320	'OpenCorporates ID'
P8446	'Gateway to Research person ID'
P1207	'NUKAT ID'
P9152	'CollectieGelderland creator ID'
P6517	'WhoSampled artist ID'
P1196	'manner of death'
P9178	'Biblioteca Franco Serantini ID'
P5247	'Giant Bomb ID'
P3448	'stepparent'
P7369	'National Library of Chile ID'
P7213	'newspaper archive URL'
P1871	'CERL Thesaurus ID'
P2091	'World Rowing ID (numeric format)'
P3749	'Google Maps Customer ID'
P2418	'Structurae person ID'
P4768	'cinematografo.it name or company ID'
P2252	'National Gallery of Art artist ID'
P6553	'personal pronoun'
P1813	'short name'
P1233	'Internet Speculative Fiction Database author ID'
P902	'HDS ID'
P7818	'French Vikidia ID'
P1828	'IPI name number'
P6023	'ResearchGate contributions ID'
P6298	'bgm.tv person ID'
P2381	'Academic Tree ID'
P1411	'nominated for'
P8036	'm3db.com person ID'
P8219	'ASUT ID'
P1447	'Sports-Reference.com Olympic athlete ID'
P8034	'Vatican Library VcBA ID'
P1814	'name in kana'
P858	'ESPNscrum player ID'
P6821	'Uppsala University Alvin ID'
P8669	'Encyclopaedia Beliana ID'
P39	'position held'
P5989	'Indiancine.ma person ID'
P3884	'Tilastopaja male athlete ID'
P279	'subclass of'
P7314	'TDV İslam Ansiklopedisi ID'
P7929	'Roglo person ID'
P8880	'AstroGen ID'
P3883	'Red Bull athlete ID'
P3882	'Tilastopaja female athlete ID'
P2013	'Facebook ID'
P509	'cause of death'
P1303	'instrument'
P3154	'Runeberg author ID'
P3404	'The Vogue List ID'
P4539	'Collective Biographies of Women ID'
P6199	'member of the Portuguese parliament ID'
P8718	'AVN performer ID'
P4265	'Reddit username'
P98	'editor'
P135	'movement'
P7029	'National Library of Russia ID'
P4589	'Dreadnought Project page'
P5408	'Fantastic Fiction author ID'
P2729	'BWF.tournamentsoftware.com player ID'
P7311	'Aozora Bunko author ID'
P1442	'image of grave'
P5063	'Interlingual Index ID'
P7084	'related category'
P1830	'owner of'
P6590	'highest break'
P7775	'RationalWiki ID'
P3133	'NSZL name authority ID'
P968	'email address'
P5785	'EU Research participant ID'
P6746	'Paměť národa ID'
P4314	'SpeedskatingResults.com speed skater ID'
P4232	'Figshare author ID'
P460	'said to be the same as'
P2408	'set in period'
P6231	'BDELIS ID'
P6551	'Physics History Network ID'
P1451	'motto text'
P7024	'Flemish Public Libraries ID'
P7031	'Penguin India author ID'
P2734	'Unz Review author ID'
P1365	'replaces'
P102	'member of political party'
P2163	'FAST ID'
P5859	'Adelphi author ID'
P7950	'Marvel Comics creators ID'
P1417	'Encyclopædia Britannica Online ID'
P5801	'Academia.edu topic ID'
P551	'residence'
P4527	'UK Parliament thesaurus ID'
P2632	'place of detention'
P8044	'Frankfurter Personenlexikon ID'
P8413	'academic appointment'
P2390	'Ballotpedia ID'
P6173	'Bitraga author ID'
P2829	'Internet Wrestling Database ID'
P9678	'Franciscan Center of Christian Oriental Studies ID'
P7796	'BeWeb person ID'
P5587	'Libris-URI'
P1142	'political ideology'
P5882	'Muziekweb performer ID'
P2399	'British Council artist ID'
P3682	'Australian Olympic Committee athlete ID'
P2032	'work period (end)'
P2353	'statistical unit'
P4115	'INSPIRE ID'
P2741	'Tate artist ID'
P1960	'Google Scholar author ID'
P4003	'Facebook page ID'
P6760	'Know Your Meme ID'
P7998	'Podchaser podcast ID'
P1263	'NNDB people ID'
P396	'SBN author ID'
P1810	'named as'
P5019	'Brockhaus Enzyklopädie online ID'
P1151	'topic\'s main Wikimedia portal'
P647	'drafted by'
P8432	'Österreichisches Musiklexikon Online ID'
P3435	'VGMdb artist ID'
P5491	'BD Gest\' author ID'
P3021	'Iranica ID'
P6308	'Scoresway tennis person ID'
P4619	'National Library of Brazil ID'
P2811	'PGA Tour golf player ID'
P8134	'Soccerdonna coach ID'
P2962	'title of chess person'
P6605	'Plant Illustrations artist ID'
P413	'position played on team / speciality'
P1741	'GTAA ID'
P577	'publication date'
P8964	'OpenReview.net profile ID'
P9081	'SEARCH on line catalogue ID'
P8021	'Kooora/Goalzz player ID'
P2003	'Instagram username'
P835	'author citation (zoology)'
P7039	'National Library of Iceland ID'
P407	'language of work or name'
P2959	'permanent duplicated item'
P3040	'SoundCloud ID'
P1581	'official blog'
P8189	'National Library of Israel J9U ID'
P5951	'ComiXology creator ID'
P2862	'Catalogus Professorum Academiae Rheno-Traiectinae ID'
P4638	'The Peerage person ID'
P1712	'Metacritic ID'
P841	'feast day'
P5239	'Artists in Canada record number'
P1035	'honorific suffix'
P8904	'Parler username'
P800	'notable work'
P3429	'Electronic Enlightenment ID'
P3602	'candidacy in election'
P451	'unmarried partner'
P281	'postal code'
P1441	'present in work'
P9037	'BHCL UUID'
P648	'Open Library ID'
P2383	'CTHS person ID'
P5715	'Academia.edu profile URL'
P1260	'Swedish Open Cultural Heritage URI'
P1819	'genealogics.org person ID'
P4808	'Royal Academy new identifier'
P9863	'Gujarati Vishwakosh entry'
P3569	'Cultureel Woordenboek ID'
P3536	'euroleague.net ID'
P7821	'Sarvavijnanakosam ID'
P9087	'Econlib person ID'
P7832	'Basque Vikidia ID'
P7465	'Soccerbase referee ID'
P1317	'floruit'
P3453	'IPI base code'
P4181	'GujLit book ID'
P8350	'Singapore Infopedia ID'
P101	'field of work'
P1649	'KMDb person ID'
P4727	'Deutsche Synchronkartei dubbing voice actor ID'
